maze_size,seed,transition_prob,gamma,alpha,epsilon,pi_time,pi_initial_utility,pi_obtained_utility,q_time,q_initial_utility,q_obtained_utility
"(50, 50)",259,0.8,1.0,0.1,1.0,17.056050539016724,647.5999999999976,605.1770000003004,0.23908591270446777,-0.30167421101065556,531.1100000003408
