maze_size,seed,transition_prob,gamma,alpha,epsilon,pi_time,pi_initial_utility,pi_obtained_utility,q_time,q_initial_utility,q_obtained_utility
"(3, 4)",259,0.8,1.0,0.1,1.0,0.017568588256835938,0.5000000000000001,-0.27632999999943925,0.829270601272583,0.23171626742324675,0.274370000000351
